,city,area,rooms,bathroom,parking spaces,floor,animal,furniture,hoa,rent amount,property tax,fire insurance,total
0,1,240,3,3,4,-,acept,furnished,R$0,"R$8,000","R$1,000",R$121,"R$9,121"
1,0,64,2,1,1,10,acept,not furnished,R$540,R$820,R$122,R$11,"R$1,493"
2,1,443,5,5,4,3,acept,furnished,"R$4,172","R$7,000","R$1,417",R$89,"R$12,680"
3,1,73,2,2,1,12,acept,not furnished,R$700,"R$1,250",R$150,R$16,"R$2,116"
4,1,19,1,1,0,-,not acept,not furnished,R$0,"R$1,200",R$41,R$16,"R$1,257"
5,1,13,1,1,0,2,acept,not furnished,R$0,"R$2,200",R$42,R$28,"R$2,270"
6,1,55,1,1,1,2,acept,furnished,"R$1,950","R$5,000",R$375,R$64,"R$7,389"
7,1,55,2,2,1,2,acept,not furnished,R$600,"R$1,300",R$67,R$17,"R$1,984"
8,1,82,3,1,1,3,acept,furnished,R$828,"R$2,000",R$109,R$26,"R$2,963"
9,1,32,1,1,1,16,acept,not furnished,R$533,"R$2,900",R$0,R$37,"R$3,470"
10,0,60,1,1,0,6,acept,not furnished,R$480,R$720,R$20,R$10,"R$1,230"
11,0,64,1,2,1,4,acept,furnished,R$406,"R$1,550",R$0,R$7,"R$1,963"
12,1,20,1,1,0,4,acept,furnished,R$602,"R$1,800",R$130,R$23,"R$2,555"
13,1,375,4,5,5,1,acept,not furnished,"R$4,793","R$15,000","R$2,805",R$191,"R$22,790"
14,1,92,2,1,1,7,not acept,furnished,R$690,"R$3,950",R$0,R$51,"R$4,691"
15,0,56,2,1,1,1,acept,not furnished,R$345,R$950,R$11,R$13,"R$1,319"
16,0,188,2,3,8,-,acept,not furnished,R$0,"R$3,010",R$584,R$46,"R$3,640"
17,1,100,3,2,1,-,acept,not furnished,R$0,"R$3,500",R$260,R$53,"R$3,813"
18,1,192,3,3,2,13,acept,not furnished,"R$2,100","R$7,800",R$634,R$99,"R$10,630"
19,1,93,3,2,1,10,acept,not furnished,"R$1,497","R$3,500",R$227,R$45,"R$5,269"
20,1,155,3,3,2,-,acept,not furnished,R$0,"R$2,650",R$233,R$40,"R$2,923"
21,1,80,2,2,0,9,not acept,not furnished,R$600,"R$2,550",R$46,R$33,"R$3,229"
22,1,65,2,2,2,14,not acept,not furnished,R$907,"R$3,500",R$0,R$45,"R$4,452"
23,1,320,3,3,4,-,acept,not furnished,R$0,"R$9,000","R$1,000",R$136,"R$10,140"
24,1,180,3,5,3,3,acept,not furnished,"R$2,900","R$8,100",R$0,R$103,"R$11,100"
25,1,31,1,1,1,4,acept,not furnished,R$272,"R$3,200",R$64,R$41,"R$3,577"
26,1,105,4,2,2,3,acept,not furnished,"R$1,659","R$6,500",R$400,R$83,"R$8,642"
27,1,300,3,4,2,9,acept,furnished,"R$2,000","R$14,000","R$1,084",R$178,"R$17,260"
28,0,150,3,2,2,13,acept,not furnished,"R$1,370","R$1,800",R$250,R$23,"R$3,443"
29,1,130,3,3,2,-,acept,not furnished,R$0,"R$6,000",R$84,R$91,"R$6,175"
30,1,70,2,1,0,1,acept,not furnished,R$521,"R$3,000",R$50,R$39,"R$3,610"
31,1,120,3,1,4,-,acept,not furnished,R$0,"R$3,500",R$234,R$53,"R$3,787"
32,1,250,3,4,2,-,acept,not furnished,R$300,"R$3,480",R$360,R$53,"R$4,193"
33,1,50,1,1,0,1,acept,not furnished,R$325,"R$1,550",R$25,R$20,"R$1,920"
34,1,240,3,3,3,3,acept,not furnished,"R$4,132","R$3,800",R$952,R$49,"R$8,933"
35,1,250,4,4,2,-,not acept,not furnished,Sem info,"R$6,600",R$0,R$100,"R$6,700"
36,0,94,3,3,2,1,acept,not furnished,R$750,"R$2,200",R$192,R$28,"R$3,170"
37,1,176,3,4,3,4,acept,not furnished,"R$1,600","R$6,500",R$775,R$83,"R$8,958"
38,1,180,3,4,5,-,acept,not furnished,Sem info,"R$3,300",R$266,R$50,"R$3,616"
39,1,191,3,3,4,1,acept,furnished,"R$2,605","R$15,000","R$1,299",R$191,"R$19,100"
40,1,25,1,1,0,14,acept,not furnished,R$257,"R$1,698",R$0,R$22,"R$1,977"
41,1,800,4,5,4,9,acept,not furnished,"R$6,000","R$15,000","R$3,334",R$191,"R$24,530"
42,1,340,3,4,3,-,acept,furnished,R$0,"R$9,800",R$392,R$148,"R$10,340"
43,1,90,2,1,0,-,not acept,not furnished,R$0,"R$1,450",R$50,R$22,"R$1,522"
44,0,650,5,4,8,-,acept,furnished,R$0,"R$8,500",R$442,R$128,"R$9,070"
45,1,100,2,2,0,1,acept,not furnished,R$0,"R$2,700",R$265,R$35,"R$3,000"
46,1,230,4,4,4,1,acept,furnished,"R$2,300","R$13,500","R$1,084",R$172,"R$17,060"
47,1,190,2,3,2,-,acept,not furnished,R$0,"R$13,050","R$1,284",R$197,"R$14,530"
48,1,205,4,4,6,5,acept,not furnished,"R$2,450","R$2,720",R$959,R$35,"R$6,164"
49,1,96,3,3,2,8,acept,not furnished,R$866,"R$1,790",R$90,R$23,"R$2,769"
50,1,396,4,4,4,-,acept,not furnished,R$0,"R$10,000",R$750,R$151,"R$10,900"
51,0,74,3,2,1,7,acept,not furnished,R$650,"R$1,600",R$250,R$21,"R$2,521"
52,0,30,1,1,0,5,not acept,furnished,R$380,R$500,R$10,R$7,R$897
53,1,64,3,2,1,7,acept,not furnished,R$522,"R$1,400",R$65,R$18,"R$2,005"
54,1,105,3,2,2,1,acept,furnished,"R$1,544","R$7,800",R$488,R$99,"R$9,931"
55,1,50,1,2,1,10,acept,furnished,"R$1,050","R$5,900",R$259,R$75,"R$7,284"
56,1,60,2,1,0,3,not acept,not furnished,R$400,"R$1,300",R$0,R$17,"R$1,717"
57,1,50,2,1,1,6,acept,furnished,R$585,"R$2,000",R$49,R$26,"R$2,660"
58,1,90,2,2,0,-,acept,not furnished,R$0,"R$1,700",R$38,R$26,"R$1,764"
59,1,130,3,2,1,8,not acept,furnished,"R$1,200","R$7,500",R$417,R$96,"R$9,213"
60,1,20,1,1,0,1,not acept,furnished,Incluso,"R$1,950",R$0,R$25,"R$1,975"
61,1,400,4,3,2,-,acept,not furnished,R$0,"R$5,650",R$338,R$85,"R$6,073"
62,1,220,3,3,5,-,acept,not furnished,R$0,"R$7,500",R$0,R$113,"R$7,613"
63,1,750,7,6,5,-,acept,furnished,R$0,"R$5,800",R$559,R$88,"R$6,447"
64,1,20,1,1,0,-,acept,furnished,R$602,"R$1,800",R$130,R$23,"R$2,555"
65,0,140,3,2,2,15,not acept,not furnished,R$998,"R$2,100",R$283,R$27,"R$3,408"
66,1,22,1,1,0,-,not acept,not furnished,R$250,"R$1,080",R$14,R$14,"R$1,358"
67,1,345,2,3,2,4,not acept,not furnished,"R$3,655","R$12,000",R$783,R$153,"R$16,590"
68,0,46,2,1,1,3,not acept,not furnished,R$250,"R$1,100",R$53,R$5,"R$1,408"
69,1,35,1,1,1,2,not acept,furnished,R$550,"R$3,250",R$30,R$42,"R$3,872"
70,0,72,2,2,1,2,acept,not furnished,R$500,"R$1,200",R$97,R$16,"R$1,813"
71,1,60,1,1,2,2,not acept,not furnished,"R$3,398","R$1,900",R$288,R$25,"R$5,611"
72,1,180,3,2,4,-,not acept,furnished,R$0,"R$11,000",R$667,R$166,"R$11,830"
73,1,83,3,2,1,9,not acept,furnished,R$805,"R$3,300",R$80,R$42,"R$4,227"
74,1,50,1,1,0,1,acept,not furnished,R$519,"R$1,550",R$28,R$20,"R$2,117"
75,1,38,1,1,1,14,not acept,furnished,"R$1,620","R$3,020",R$279,R$39,"R$4,958"
76,1,140,3,3,2,2,acept,not furnished,"R$1,300","R$2,800",R$292,R$36,"R$4,428"
77,0,62,2,1,1,3,acept,not furnished,R$485,R$980,R$48,R$13,"R$1,526"
78,1,70,1,1,0,2,acept,furnished,"R$1,500","R$4,000",R$284,R$51,"R$5,835"
79,0,55,1,1,0,14,acept,not furnished,R$600,"R$1,100",R$60,R$14,"R$1,774"
80,0,60,2,1,1,1,not acept,not furnished,R$430,R$815,R$20,R$6,"R$1,271"
81,1,85,2,2,1,6,acept,not furnished,"R$1,250","R$1,738",R$261,R$23,"R$3,272"
82,1,134,3,3,3,11,not acept,not furnished,"R$1,655","R$8,000",R$380,R$102,"R$10,140"
83,1,200,3,2,2,19,acept,not furnished,"R$2,573","R$10,000","R$1,121",R$127,"R$13,820"
84,1,170,3,2,2,-,acept,furnished,R$0,"R$3,900",R$267,R$59,"R$4,226"
85,1,46,1,1,2,16,acept,furnished,"R$2,210","R$6,220",R$255,R$79,"R$8,764"
86,1,20,1,1,0,4,acept,furnished,R$602,"R$1,800",R$130,R$23,"R$2,555"
87,1,58,2,2,1,5,not acept,furnished,"R$1,000","R$4,500",R$144,R$58,"R$5,702"
88,1,96,3,2,3,4,acept,not furnished,"R$1,024","R$2,350",R$313,R$30,"R$3,717"
89,1,190,3,3,3,6,acept,not furnished,"R$3,000","R$13,000",R$84,R$165,"R$16,250"
90,1,87,3,2,4,14,acept,not furnished,R$800,"R$2,000",R$67,R$26,"R$2,893"
91,1,42,1,1,0,5,acept,not furnished,R$350,"R$2,400",R$94,R$31,"R$2,875"
92,1,145,3,3,1,10,acept,furnished,"R$1,380","R$11,000",R$375,R$140,"R$12,900"
93,1,250,4,6,4,12,not acept,not furnished,"R$3,000","R$14,500",R$875,R$184,"R$18,560"
94,1,90,2,1,1,1,acept,not furnished,"R$1,000","R$3,000",R$50,R$39,"R$4,089"
95,1,250,6,2,2,-,acept,not furnished,R$0,"R$2,472",R$26,R$38,"R$2,536"
96,1,500,3,4,5,-,acept,furnished,R$0,"R$7,620","R$1,094",R$115,"R$8,829"
97,1,80,2,2,2,6,acept,furnished,"R$1,581","R$8,800",R$112,R$112,"R$10,610"
98,0,120,3,2,3,-,acept,not furnished,R$0,"R$2,500",R$180,R$38,"R$2,718"
99,0,265,3,3,2,-,acept,not furnished,R$0,"R$2,400",R$140,R$37,"R$2,577"
100,0,50,2,1,1,4,acept,not furnished,R$330,"R$1,080",R$0,R$14,"R$1,424"
101,0,126,3,3,2,1,acept,not furnished,R$780,"R$3,800",R$167,R$49,"R$4,796"
102,0,55,2,1,1,1,acept,not furnished,R$390,R$720,R$0,R$10,"R$1,120"
103,1,29,1,1,1,20,acept,furnished,R$700,"R$2,700",R$84,R$35,"R$3,519"
104,1,59,2,1,1,24,acept,not furnished,R$514,"R$2,450",R$138,R$32,"R$3,134"
105,1,200,2,4,4,4,acept,not furnished,"R$2,450","R$7,800","R$1,417",R$99,"R$11,770"
106,1,74,3,2,1,7,acept,not furnished,R$577,"R$2,196",R$100,R$28,"R$2,901"
107,1,290,4,5,2,6,acept,not furnished,"R$4,300","R$10,000",R$875,R$127,"R$15,300"
108,1,172,3,4,3,1,acept,not furnished,"R$1,596","R$8,000",R$820,R$102,"R$10,520"
109,1,25,1,1,0,5,not acept,furnished,R$270,"R$2,600",R$67,R$33,"R$2,970"
110,1,50,1,1,1,-,acept,not furnished,R$0,"R$1,100",R$0,R$17,"R$1,117"
111,1,40,1,1,0,3,acept,not furnished,R$300,"R$1,100",R$0,R$14,"R$1,414"
112,1,80,2,2,2,-,acept,not furnished,R$0,"R$2,465",R$0,R$38,"R$2,503"
113,1,280,6,6,3,-,acept,not furnished,R$0,"R$5,000","R$1,118",R$76,"R$6,194"
114,1,60,1,1,1,12,acept,furnished,R$850,"R$4,723",R$0,R$18,"R$5,591"
115,1,115,2,3,2,8,acept,not furnished,"R$1,380","R$12,000",R$790,R$153,"R$14,320"
116,1,540,3,3,4,9,acept,not furnished,"R$6,200","R$15,000","R$3,500",R$191,"R$24,890"
117,1,76,2,1,1,12,not acept,furnished,R$906,"R$4,250",R$217,R$54,"R$5,427"
118,0,150,4,5,2,1,acept,not furnished,"R$1,100","R$2,980",R$360,R$38,"R$4,478"
119,1,130,3,2,1,8,acept,not furnished,"R$2,400","R$5,500",R$209,R$70,"R$8,179"
120,0,64,2,1,1,-,acept,not furnished,R$441,R$730,R$18,R$10,"R$1,199"
121,1,55,2,2,1,2,acept,not furnished,R$420,"R$1,300",R$50,R$17,"R$1,787"
122,1,50,1,1,0,1,acept,not furnished,R$600,"R$1,300",R$0,R$17,"R$1,917"
123,1,120,2,3,2,20,acept,not furnished,"R$2,000","R$7,000",R$180,R$89,"R$9,269"
124,0,236,3,4,4,10,acept,not furnished,"R$1,600","R$11,000",R$440,R$140,"R$13,180"
125,0,30,1,1,0,4,acept,not furnished,R$336,R$550,R$10,R$7,R$903
126,0,270,3,3,0,-,acept,furnished,R$0,"R$8,000",R$500,R$121,"R$8,621"
127,0,48,1,1,0,9,acept,not furnished,R$350,R$670,R$21,R$9,"R$1,050"
128,0,198,6,3,4,-,acept,not furnished,R$0,"R$2,000",R$145,R$31,"R$2,176"
129,1,50,1,1,0,-,acept,not furnished,R$0,"R$1,080",R$59,R$17,"R$1,156"
130,1,185,3,3,3,20,acept,not furnished,"R$2,670","R$5,600",R$907,R$71,"R$9,248"
131,1,440,4,4,4,-,acept,not furnished,R$0,"R$12,000","R$2,500",R$181,"R$14,680"
132,0,119,3,2,2,7,acept,not furnished,"R$1,650","R$1,200",R$212,R$16,"R$3,078"
133,1,57,2,2,2,16,acept,not furnished,R$510,"R$1,690",R$11,R$22,"R$2,233"
134,1,65,2,1,1,1,acept,not furnished,R$100,"R$1,400",R$84,R$18,"R$1,602"
135,1,35,2,1,1,-,acept,not furnished,R$125,"R$2,100",R$0,R$32,"R$2,257"
136,0,51,1,2,1,16,not acept,not furnished,R$703,"R$2,100",R$150,R$27,"R$2,980"
137,0,70,2,3,1,7,acept,not furnished,"R$1,196","R$2,004",R$0,R$26,"R$3,226"
138,1,90,2,1,1,-,acept,not furnished,Incluso,"R$1,500",R$0,R$23,"R$1,523"
139,1,320,3,4,3,8,acept,not furnished,"R$3,400","R$6,800",R$1,R$87,"R$10,290"
140,1,250,7,5,2,-,acept,not furnished,R$0,"R$12,750","R$1,045",R$192,"R$13,990"
141,1,70,2,1,1,6,acept,not furnished,R$660,"R$3,800",R$45,R$49,"R$4,554"
142,1,169,4,6,3,7,acept,furnished,"R$2,560","R$10,000",R$734,R$127,"R$13,420"
143,1,33,1,1,0,1,not acept,not furnished,R$338,"R$1,100",R$63,R$14,"R$1,515"
144,1,225,4,4,3,7,acept,not furnished,"R$2,800","R$5,000","R$1,267",R$64,"R$9,131"
145,1,42,1,1,0,2,acept,furnished,R$0,"R$3,256",R$0,R$42,"R$3,298"
146,1,120,3,4,1,-,not acept,not furnished,R$0,"R$4,000",R$4,R$61,"R$4,065"
147,1,70,3,2,2,3,not acept,not furnished,R$750,"R$1,500",R$148,R$20,"R$2,418"
148,1,90,1,1,2,-,acept,furnished,R$0,"R$3,200",R$137,R$49,"R$3,386"
149,1,260,4,5,4,9,acept,furnished,"R$2,014","R$3,300","R$1,000",R$42,"R$6,356"
150,1,243,3,3,4,10,acept,not furnished,"R$2,678","R$5,500","R$1,950",R$70,"R$10,200"
151,1,100,1,1,0,-,acept,not furnished,R$0,"R$1,530",R$0,R$12,"R$1,542"
152,1,240,3,4,3,9,acept,not furnished,"R$3,211","R$5,100","R$1,102",R$65,"R$9,478"
153,0,45,1,1,1,4,acept,not furnished,R$700,R$870,R$46,R$12,"R$1,628"
154,1,65,1,1,1,2,acept,furnished,R$680,"R$5,000",R$14,R$64,"R$5,758"
155,1,47,1,1,0,4,not acept,not furnished,R$100,"R$1,000",R$76,R$13,"R$1,189"
156,1,60,2,1,0,2,acept,furnished,R$589,"R$3,300",R$65,R$42,"R$3,996"
157,1,340,4,6,6,-,acept,furnished,Sem info,"R$15,000",R$250,R$226,"R$15,480"
158,1,500,4,4,0,-,acept,not furnished,R$0,"R$6,000",R$467,R$91,"R$6,558"
159,1,55,2,1,1,14,acept,not furnished,R$420,"R$1,399",R$0,R$18,"R$1,837"
160,1,240,3,4,3,3,acept,furnished,"R$3,600","R$4,950","R$1,000",R$63,"R$9,613"
161,1,65,2,2,1,1,acept,not furnished,R$650,"R$2,315",R$0,R$7,"R$2,972"
162,1,68,1,1,0,-,not acept,not furnished,R$0,"R$1,213",R$0,R$6,"R$1,219"
163,1,500,4,4,3,-,acept,not furnished,Sem info,"R$10,800",R$988,R$163,"R$11,950"
164,1,198,2,2,2,13,acept,not furnished,"R$1,700","R$5,500",R$320,R$70,"R$7,590"
165,1,62,2,1,1,13,acept,not furnished,R$543,"R$2,200",R$59,R$28,"R$2,830"
166,1,60,2,2,1,4,acept,not furnished,R$632,"R$2,806",R$25,R$36,"R$3,499"
167,1,187,3,2,3,-,not acept,furnished,"R$1,700","R$8,400",R$584,R$127,"R$10,810"
168,1,25,1,1,0,23,acept,not furnished,R$432,"R$2,200",R$45,R$28,"R$2,705"
169,1,230,3,4,3,-,acept,not furnished,R$0,"R$3,600",R$409,R$55,"R$4,064"
170,1,17,1,1,0,1,not acept,furnished,R$300,"R$2,400",R$50,R$31,"R$2,781"
171,1,67,2,2,1,17,acept,not furnished,R$740,"R$2,200",R$170,R$28,"R$3,138"
172,1,20,1,1,0,1,acept,furnished,Incluso,"R$2,060",R$0,R$27,"R$2,087"
173,1,118,3,2,2,7,acept,furnished,"R$1,880","R$8,500",R$434,R$108,"R$10,920"
174,1,43,1,1,1,2,acept,not furnished,R$850,"R$2,430",R$172,R$31,"R$3,483"
175,1,195,2,3,1,10,acept,not furnished,"R$1,500","R$6,000",R$334,R$77,"R$7,911"
176,1,141,3,4,3,7,not acept,not furnished,"R$1,646","R$7,500",R$735,R$96,"R$9,977"
177,1,45,1,1,1,1,not acept,not furnished,R$550,"R$2,300",R$0,R$30,"R$2,880"
178,1,48,1,1,1,19,acept,not furnished,R$588,"R$1,525",R$0,R$6,"R$2,119"
179,1,280,3,4,2,3,not acept,not furnished,"R$4,000","R$6,000","R$1,059",R$77,"R$11,140"
180,1,170,3,2,2,5,not acept,not furnished,"R$2,199","R$5,000",R$423,R$64,"R$7,686"
181,1,90,3,2,1,-,acept,not furnished,R$0,"R$3,260",R$0,R$50,"R$3,310"
182,0,35,1,1,1,7,acept,not furnished,R$392,"R$1,100",R$13,R$14,"R$1,519"
183,1,16,1,1,0,8,not acept,not furnished,R$390,"R$2,300",R$100,R$30,"R$2,820"
184,0,68,1,1,1,10,not acept,furnished,R$600,"R$1,000",R$48,R$13,"R$1,661"
185,1,80,3,5,2,4,not acept,not furnished,"R$3,460","R$12,000","R$1,000",R$153,"R$16,610"
186,1,190,3,2,1,6,acept,furnished,"R$3,040","R$8,000",R$556,R$102,"R$11,700"
187,1,150,3,4,2,-,not acept,not furnished,R$0,"R$3,400",R$0,R$52,"R$3,452"
188,1,112,3,3,2,12,acept,furnished,"R$1,100","R$2,670",R$188,R$34,"R$3,992"
189,1,145,3,4,3,1,not acept,not furnished,"R$1,200","R$6,000",R$750,R$77,"R$8,027"
190,0,47,1,1,1,8,acept,not furnished,R$560,"R$1,100",R$46,R$14,"R$1,720"
191,1,128,3,2,1,3,acept,furnished,"R$1,094","R$4,529",R$242,R$58,"R$5,923"
192,1,250,3,4,4,-,acept,not furnished,R$0,"R$4,500",R$334,R$68,"R$4,902"
193,1,120,3,1,0,2,acept,not furnished,R$250,"R$1,460",R$0,R$21,"R$1,731"
194,1,110,2,2,2,-,not acept,not furnished,R$0,"R$2,700",R$300,R$41,"R$3,041"
195,1,400,2,5,4,-,acept,not furnished,R$0,"R$6,000",R$484,R$91,"R$6,575"
196,1,35,1,1,1,9,not acept,furnished,"R$1,050","R$2,600",R$317,R$33,"R$4,000"
197,1,107,2,2,2,18,acept,furnished,"R$1,800","R$12,800",R$417,R$163,"R$15,180"
198,1,97,2,2,0,1,acept,not furnished,"R$1,200","R$5,600",R$0,R$71,"R$6,871"
199,1,70,2,1,0,1,not acept,not furnished,R$350,"R$1,050",R$116,R$14,"R$1,530"
200,1,20,1,1,0,3,not acept,furnished,R$150,"R$3,142",R$67,R$40,"R$3,399"
201,1,130,3,2,2,6,acept,not furnished,"R$1,100","R$3,500",R$209,R$45,"R$4,854"
202,1,120,3,2,3,16,acept,not furnished,"R$1,400","R$2,000",R$292,R$26,"R$3,718"
203,1,110,3,3,2,2,acept,furnished,"R$1,000","R$3,800",R$192,R$49,"R$5,041"
204,1,300,3,5,3,-,acept,not furnished,R$0,"R$11,900",R$250,R$179,"R$12,330"
205,1,349,4,5,4,8,not acept,not furnished,"R$3,100","R$11,000",R$0,R$140,"R$14,240"
206,1,97,3,2,2,1,acept,not furnished,R$730,"R$3,000",R$303,R$39,"R$4,072"
207,1,84,4,1,3,5,not acept,not furnished,"R$1,914","R$6,000",R$804,R$77,"R$8,795"
208,1,180,2,2,1,-,not acept,not furnished,R$0,"R$2,800",R$105,R$43,"R$2,948"
209,1,286,4,4,5,-,acept,not furnished,R$0,"R$10,000","R$1,000",R$151,"R$11,150"
210,1,500,5,7,5,22,acept,not furnished,"R$5,500","R$14,000","R$2,084",R$178,"R$21,760"
211,1,110,3,3,3,4,acept,not furnished,"R$1,195","R$2,350",R$670,R$30,"R$4,245"
212,1,196,4,4,0,11,acept,not furnished,"R$2,450","R$6,000","R$1,458",R$77,"R$9,985"
213,1,33,1,1,1,12,not acept,not furnished,R$552,"R$4,150",R$95,R$53,"R$4,850"
214,1,400,4,4,3,-,acept,not furnished,Sem info,"R$9,000",R$542,R$136,"R$9,678"
215,1,170,2,1,0,1,acept,furnished,R$0,"R$2,481",R$0,R$26,"R$2,507"
216,1,90,1,1,0,-,acept,not furnished,R$0,"R$2,200",R$109,R$34,"R$2,343"
217,1,184,3,4,3,12,acept,not furnished,"R$2,700","R$1,400",R$692,R$18,"R$4,810"
218,1,117,2,2,1,11,not acept,furnished,R$630,"R$7,130",R$150,R$91,"R$8,001"
219,1,11,1,1,0,-,not acept,furnished,R$0,"R$1,181",R$0,R$15,"R$1,196"
220,0,57,1,1,1,2,acept,not furnished,R$605,R$800,R$66,R$11,"R$1,482"
221,1,16,1,1,0,1,not acept,not furnished,R$0,R$850,R$30,R$11,R$891
222,1,180,4,3,1,4,acept,furnished,"R$1,572","R$5,000",R$240,R$64,"R$6,876"
223,1,250,3,4,2,16,acept,not furnished,"R$3,300","R$6,000",R$517,R$77,"R$9,894"
224,1,220,3,4,2,-,acept,furnished,R$0,"R$7,000",R$434,R$106,"R$7,540"
225,1,360,3,5,4,22,acept,not furnished,"R$2,398","R$3,135","R$1,467",R$40,"R$7,040"
226,1,122,3,4,3,5,acept,not furnished,Incluso,"R$4,500",R$0,R$58,"R$4,558"
227,1,138,3,4,3,2,not acept,not furnished,R$790,"R$7,000",R$690,R$89,"R$8,569"
228,1,110,3,1,1,1,acept,not furnished,"R$1,235","R$1,400",R$0,R$18,"R$2,653"
229,1,220,4,3,3,3,acept,not furnished,"R$1,600","R$3,400",R$0,R$44,"R$5,044"
230,1,118,3,2,1,11,not acept,not furnished,"R$1,116","R$4,775",R$185,R$61,"R$6,137"
231,1,180,2,2,1,15,acept,not furnished,"R$1,800","R$5,350",R$0,R$68,"R$7,218"
232,1,52,2,1,1,7,acept,not furnished,R$540,"R$1,300",R$63,R$17,"R$1,920"
233,1,30,1,1,0,1,acept,furnished,R$0,"R$1,550",R$21,R$20,"R$1,591"
234,1,160,3,3,2,5,acept,furnished,"R$1,650","R$1,500",R$419,R$20,"R$3,589"
235,0,209,3,3,2,-,not acept,not furnished,R$593,"R$2,550",R$237,R$39,"R$3,419"
236,1,450,5,5,6,-,acept,not furnished,R$0,"R$9,500","R$1,345",R$143,"R$10,990"
237,1,117,3,3,3,10,acept,not furnished,"R$2,280","R$2,300",R$700,R$30,"R$5,310"
238,1,900,4,6,8,-,acept,not furnished,R$0,"R$15,000","R$4,417",R$226,"R$19,640"
239,1,200,3,3,0,-,acept,not furnished,Sem info,"R$4,500",R$71,R$68,"R$4,639"
240,1,128,3,3,2,10,acept,not furnished,"R$2,600","R$3,800",R$605,R$49,"R$7,054"
241,1,140,3,2,2,2,acept,not furnished,"R$1,480","R$3,700",R$167,R$47,"R$5,394"
242,1,180,3,3,4,27,acept,not furnished,"R$2,000","R$7,000",R$859,R$89,"R$9,948"
243,1,280,4,4,5,9,acept,not furnished,"R$3,000","R$3,200",R$875,R$41,"R$7,116"
244,1,420,4,6,4,8,acept,not furnished,"R$3,500","R$15,000","R$2,250",R$191,"R$20,940"
245,1,48,1,1,1,8,acept,furnished,R$740,"R$2,700",R$137,R$35,"R$3,612"
246,1,148,3,2,2,2,not acept,furnished,"R$2,830","R$9,000",R$267,R$115,"R$12,210"
247,1,75,2,1,1,5,not acept,not furnished,R$748,"R$2,000",R$0,R$26,"R$2,774"
248,1,44,1,1,0,1,not acept,not furnished,R$417,"R$3,016",R$0,R$12,"R$3,445"
249,1,35,1,1,0,-,acept,not furnished,R$0,"R$1,100",R$30,R$14,"R$1,144"
250,1,320,4,2,2,-,acept,furnished,R$0,"R$8,000",R$642,R$121,"R$8,763"
251,0,98,3,2,1,1,acept,not furnished,R$727,"R$1,233",R$84,R$16,"R$2,060"
252,0,51,1,1,0,12,not acept,furnished,R$707,"R$1,300",R$45,R$17,"R$2,069"
253,1,322,4,5,5,17,acept,furnished,"R$2,700","R$15,000","R$1,875",R$191,"R$19,770"
254,1,187,4,5,3,5,acept,not furnished,"R$3,912","R$5,300","R$1,424",R$68,"R$10,700"
255,1,62,3,2,1,6,not acept,furnished,"R$1,550","R$4,800",R$167,R$61,"R$6,578"
256,1,130,2,2,1,-,acept,not furnished,"R$1,100","R$4,300",R$100,R$55,"R$5,555"
257,0,600,4,6,3,-,acept,not furnished,"R$1,123","R$5,500",R$819,R$83,"R$7,525"
258,1,520,3,4,2,-,acept,not furnished,R$0,"R$9,000","R$1,500",R$136,"R$10,640"
259,1,86,1,2,1,13,acept,furnished,"R$1,800","R$6,500",R$375,R$83,"R$8,758"
260,1,72,2,2,1,6,acept,not furnished,"R$1,100","R$5,431",R$334,R$69,"R$6,934"
261,1,550,4,4,4,-,acept,not furnished,R$0,"R$14,000","R$1,334",R$211,"R$15,550"
262,1,50,1,1,0,-,not acept,not furnished,R$0,"R$1,220",R$0,R$19,"R$1,239"
263,1,298,5,3,3,-,acept,not furnished,R$0,"R$8,000","R$1,384",R$121,"R$9,505"
264,0,74,3,2,1,10,acept,not furnished,R$700,"R$1,800",R$120,R$23,"R$2,643"
265,1,41,1,1,0,17,acept,furnished,R$450,"R$2,470",R$0,R$32,"R$2,952"
266,0,80,3,2,2,2,acept,not furnished,R$750,"R$1,450",R$110,R$19,"R$2,329"
267,1,130,3,2,1,1,acept,not furnished,"R$1,200","R$4,500",R$100,R$58,"R$5,858"
268,1,64,1,2,2,15,acept,not furnished,R$691,"R$2,100",R$92,R$27,"R$2,910"
269,1,50,1,1,1,9,not acept,not furnished,"R$1,170","R$2,730",R$9,R$35,"R$3,944"
270,1,200,3,2,4,-,acept,not furnished,R$0,"R$3,500",R$0,R$53,"R$3,553"
271,1,70,1,1,2,9,acept,furnished,"R$2,150","R$7,000",R$542,R$89,"R$9,781"
272,0,41,1,1,1,11,acept,not furnished,R$390,"R$1,950",R$65,R$14,"R$2,419"
273,1,89,2,2,0,2,acept,not furnished,"R$1,000","R$1,900",R$0,R$25,"R$2,925"
274,1,250,4,2,8,-,acept,not furnished,R$0,"R$13,040",R$500,R$197,"R$13,740"
275,1,105,2,1,0,-,acept,not furnished,R$0,"R$1,800",R$125,R$28,"R$1,953"
276,1,150,2,2,1,-,acept,not furnished,R$1,"R$2,100",R$0,R$32,"R$2,133"
277,1,50,2,1,1,14,not acept,not furnished,R$450,"R$1,950",R$0,R$25,"R$2,425"
278,1,180,3,2,1,-,acept,not furnished,Sem info,"R$5,400",R$459,R$82,"R$5,941"
279,1,50,1,1,0,-,not acept,not furnished,R$0,"R$1,000",R$0,R$16,"R$1,016"
280,0,70,1,1,2,-,acept,not furnished,R$0,"R$1,450",R$5,R$22,"R$1,477"
281,1,177,2,2,2,-,acept,not furnished,R$0,"R$6,000",R$342,R$91,"R$6,433"
282,1,177,4,5,4,12,acept,not furnished,"R$1,500","R$9,200",R$959,R$117,"R$11,780"
283,1,18,1,1,0,-,acept,not furnished,R$0,"R$1,710",R$0,R$22,"R$1,732"
284,1,200,3,4,2,-,acept,not furnished,R$0,"R$2,900","R$1,100",R$44,"R$4,044"
285,1,45,1,1,1,1,not acept,furnished,"R$3,000","R$5,520",R$0,R$70,"R$8,590"
286,0,70,2,1,1,3,acept,not furnished,R$220,R$750,R$43,R$10,"R$1,023"
287,1,66,3,2,1,9,acept,not furnished,R$708,"R$2,179",R$13,R$28,"R$2,928"
288,1,48,2,1,0,2,acept,not furnished,R$90,"R$1,150",R$90,R$15,"R$1,345"
289,1,515,5,4,3,5,acept,not furnished,"R$5,600","R$15,000",R$250,R$191,"R$21,040"
290,1,55,2,2,1,7,acept,not furnished,R$650,"R$2,000",R$0,R$26,"R$2,676"
291,1,350,4,5,2,-,acept,not furnished,R$0,"R$5,000",R$325,R$76,"R$5,401"
292,1,260,3,3,3,8,acept,furnished,"R$2,210","R$5,000",R$842,R$64,"R$8,116"
293,1,78,2,1,1,7,acept,not furnished,R$645,"R$2,000",R$35,R$26,"R$2,706"
294,1,35,1,1,0,6,acept,furnished,R$420,"R$1,780",R$0,R$23,"R$2,223"
295,1,106,2,1,2,-,not acept,not furnished,R$0,"R$2,100",R$110,R$32,"R$2,242"
296,1,500,3,3,5,-,acept,furnished,R$0,"R$15,000","R$1,125",R$226,"R$16,350"
297,1,38,1,1,0,-,not acept,not furnished,Sem info,"R$1,650",R$0,R$25,"R$1,675"
298,1,153,2,2,1,15,acept,furnished,"R$1,500","R$11,900",R$350,R$151,"R$13,900"
299,1,64,2,2,2,5,acept,not furnished,R$830,"R$1,600",R$205,R$21,"R$2,656"
300,1,260,3,4,4,-,acept,not furnished,R$0,"R$4,500",R$0,R$68,"R$4,568"
301,0,50,1,1,1,11,acept,not furnished,"R$1,500",R$500,R$105,R$7,"R$2,112"
302,1,170,3,2,1,14,acept,furnished,"R$1,700","R$4,500",R$85,R$58,"R$6,343"
303,1,120,2,2,2,15,acept,furnished,"R$1,043","R$4,880",R$264,R$62,"R$6,249"
304,1,700,4,5,2,10,acept,furnished,"R$3,000","R$8,000",R$402,R$102,"R$11,500"
305,1,270,5,7,2,-,acept,not furnished,R$0,"R$3,978",R$89,R$60,"R$4,127"
306,1,40,1,1,0,6,acept,not furnished,R$890,"R$3,463",R$0,R$32,"R$4,385"
307,1,640,4,4,4,12,acept,furnished,"R$5,400","R$10,200","R$1,584",R$130,"R$17,310"
308,1,40,1,1,0,-,acept,not furnished,R$0,R$980,R$59,R$15,"R$1,054"
309,1,40,2,1,0,3,acept,not furnished,R$348,"R$1,100",R$0,R$14,"R$1,462"
310,1,42,1,1,1,-,acept,furnished,R$450,"R$2,000",R$88,R$26,"R$2,564"
311,1,62,1,1,0,3,acept,not furnished,R$550,"R$2,100",R$0,R$27,"R$2,677"
312,1,106,2,3,2,18,not acept,furnished,R$950,"R$5,000",R$250,R$64,"R$6,264"
313,1,103,3,2,1,7,acept,not furnished,R$944,"R$4,400",R$126,R$56,"R$5,526"
314,1,360,3,5,3,13,acept,not furnished,"R$4,300","R$8,500","R$1,500",R$108,"R$14,410"
315,1,113,1,1,2,9,acept,furnished,R$650,"R$6,400",R$0,R$82,"R$7,132"
316,1,164,4,4,3,1,acept,not furnished,"R$1,840","R$6,000",R$550,R$77,"R$8,467"
317,1,110,3,2,3,-,acept,not furnished,R$0,"R$2,800",R$15,R$43,"R$2,858"
318,1,110,2,2,1,8,acept,furnished,"R$1,285","R$4,348",R$196,R$56,"R$5,885"
319,1,136,4,3,1,3,acept,not furnished,"R$1,800","R$4,200",R$312,R$54,"R$6,366"
320,0,65,1,1,1,9,acept,not furnished,R$380,"R$1,200",R$83,R$16,"R$1,679"
321,1,62,2,1,1,8,not acept,not furnished,R$735,"R$1,345",R$35,R$18,"R$2,133"
322,0,163,3,5,3,20,acept,not furnished,"R$1,450","R$9,800",R$350,R$125,"R$11,730"
323,1,47,2,1,1,12,acept,not furnished,R$597,"R$1,570",R$0,R$20,"R$2,187"
324,1,50,1,1,1,1,acept,not furnished,R$795,"R$3,500",R$213,R$45,"R$4,553"
325,1,79,3,2,2,6,acept,furnished,R$900,"R$3,000",R$209,R$39,"R$4,148"
326,1,250,3,3,2,7,not acept,furnished,"R$1,400","R$5,380",R$234,R$69,"R$7,083"
327,1,50,2,1,1,6,acept,not furnished,R$380,"R$1,210",R$0,R$16,"R$1,606"
328,1,150,3,3,2,-,acept,not furnished,R$0,"R$5,000",R$235,R$76,"R$5,311"
329,0,76,2,1,0,2,acept,not furnished,R$300,R$700,R$100,R$9,"R$1,109"
330,1,72,2,2,1,7,acept,not furnished,R$520,"R$1,800",R$159,R$23,"R$2,502"
331,1,35,1,1,1,17,acept,furnished,"R$1,280","R$4,000",R$200,R$51,"R$5,531"
332,1,250,3,4,4,16,acept,not furnished,"R$3,421","R$10,700","R$1,224",R$136,"R$15,480"
333,0,85,3,1,1,9,not acept,not furnished,R$598,"R$1,110",R$63,R$15,"R$1,786"
334,0,60,1,1,1,14,acept,not furnished,R$583,"R$1,100",R$49,R$14,"R$1,746"
335,0,47,2,1,1,-,acept,not furnished,R$255,"R$1,290",R$33,R$17,"R$1,595"
336,1,104,3,3,2,3,not acept,furnished,R$915,"R$9,000",R$254,R$115,"R$10,280"
337,0,203,3,1,2,-,acept,not furnished,R$0,"R$3,300",R$117,R$50,"R$3,467"
338,1,136,3,2,1,85,acept,not furnished,"R$1,513","R$3,500",R$260,R$45,"R$5,318"
339,1,53,1,1,1,3,acept,not furnished,R$694,"R$4,500",R$200,R$58,"R$5,452"
340,1,400,4,3,2,-,acept,not furnished,R$0,"R$15,000","R$1,870",R$226,"R$17,100"
341,1,40,1,1,1,14,acept,furnished,R$480,"R$4,200",R$75,R$54,"R$4,809"
342,1,38,1,1,0,6,acept,not furnished,R$0,"R$1,680",R$0,R$22,"R$1,702"
343,1,340,4,6,4,8,acept,furnished,"R$3,100","R$2,800","R$1,667",R$36,"R$7,603"
344,0,134,3,3,2,7,not acept,not furnished,"R$1,000","R$2,500",R$177,R$32,"R$3,709"
345,1,97,2,2,0,9,acept,furnished,R$453,"R$3,000",R$0,R$39,"R$3,492"
346,1,90,1,1,0,-,not acept,not furnished,Sem info,"R$1,150",R$59,R$18,"R$1,227"
347,1,260,4,5,2,1,acept,furnished,"R$2,600","R$8,000",R$417,R$102,"R$11,120"
348,1,66,2,1,0,7,acept,not furnished,R$356,"R$1,650",R$0,R$21,"R$2,027"
349,1,92,2,1,1,12,not acept,not furnished,"R$2,750","R$2,930",R$448,R$38,"R$6,166"
350,1,92,3,3,1,3,acept,furnished,R$750,"R$4,250",R$21,R$54,"R$5,075"
351,1,155,3,4,2,14,acept,not furnished,"R$1,400","R$13,100",R$409,R$166,"R$15,080"
352,1,30,1,1,0,1,not acept,not furnished,Sem info,R$900,R$0,R$12,R$912
353,1,27,1,1,0,5,not acept,not furnished,"R$1,405","R$3,500",R$1,R$45,"R$4,951"
354,1,175,4,3,2,-,acept,not furnished,R$0,"R$3,200",R$380,R$49,"R$3,629"
355,1,326,3,4,4,12,acept,not furnished,"R$2,808","R$6,500","R$1,605",R$83,"R$11,000"
356,1,236,4,5,4,7,acept,not furnished,"R$3,500","R$10,000","R$1,834",R$127,"R$15,460"
357,0,119,3,1,1,5,acept,not furnished,R$926,"R$1,200",R$100,R$16,"R$2,242"
358,1,23,1,1,0,23,acept,not furnished,R$383,"R$2,050",R$40,R$26,"R$2,499"
359,1,260,2,4,4,19,not acept,not furnished,"R$2,000","R$8,000",R$667,R$102,"R$10,770"
360,1,400,3,3,2,-,not acept,not furnished,R$0,"R$12,000",R$0,R$181,"R$12,180"
361,1,87,1,1,2,14,acept,furnished,R$870,"R$7,900",R$150,R$101,"R$9,021"
362,1,65,2,1,1,-,acept,not furnished,R$0,"R$1,800",R$0,R$28,"R$1,828"
363,1,210,3,4,4,11,acept,furnished,"R$2,000","R$15,000","R$1,000",R$191,"R$18,190"
364,1,250,3,4,2,-,acept,not furnished,R$0,"R$4,200",R$192,R$64,"R$4,456"
365,1,155,3,2,3,4,acept,furnished,"R$2,600","R$11,700",R$667,R$149,"R$15,120"
366,0,300,4,3,5,-,acept,not furnished,R$0,"R$4,100",R$20,R$62,"R$4,182"
367,0,70,3,2,2,4,acept,not furnished,R$500,"R$1,800",R$78,R$23,"R$2,401"
368,1,68,1,2,1,11,acept,not furnished,"R$1,200","R$4,500",R$100,R$58,"R$5,858"
369,0,220,3,5,3,4,not acept,furnished,"R$2,000","R$7,900",R$417,R$101,"R$10,420"
370,0,91,3,2,2,12,acept,not furnished,R$700,"R$2,250",R$175,R$29,"R$3,154"
371,0,230,4,4,8,-,acept,not furnished,R$0,"R$5,100",R$320,R$77,"R$5,497"
372,0,48,2,1,0,4,acept,not furnished,R$288,R$950,R$45,R$13,"R$1,296"
373,1,90,2,2,2,15,not acept,furnished,"R$1,400","R$10,000",R$0,R$127,"R$11,530"
374,1,60,1,1,1,15,acept,furnished,"R$1,000","R$5,500",R$200,R$70,"R$6,770"
375,1,450,4,4,3,14,acept,not furnished,"R$5,500","R$15,000",R$0,R$191,"R$20,690"
376,1,16,1,1,0,1,not acept,not furnished,R$0,R$850,R$35,R$11,R$896
377,1,100,3,2,1,8,acept,not furnished,"R$1,100","R$1,400",R$291,R$18,"R$2,809"
378,1,300,3,3,3,-,acept,not furnished,R$1,"R$3,400",R$417,R$52,"R$3,870"
379,1,151,3,4,3,14,not acept,furnished,"R$1,700","R$6,800",R$475,R$87,"R$9,062"
380,1,150,3,4,3,12,acept,furnished,"R$2,092","R$7,608",R$730,R$97,"R$10,530"
381,1,57,2,1,1,7,acept,not furnished,R$570,"R$1,500",R$67,R$20,"R$2,157"
382,1,30,1,1,1,4,not acept,furnished,"R$1,787","R$1,200",R$144,R$16,"R$3,147"
383,0,53,1,1,1,8,acept,furnished,"R$1,350","R$3,110",R$85,R$40,"R$4,585"
384,1,270,3,4,3,-,acept,not furnished,Sem info,"R$6,800",R$417,R$103,"R$7,320"
385,1,78,2,2,2,8,acept,furnished,"R$1,400","R$5,800",R$334,R$74,"R$7,608"
386,1,20,1,1,0,1,not acept,furnished,R$150,"R$3,142",R$67,R$40,"R$3,399"
387,1,140,5,2,1,1,acept,furnished,R$0,"R$3,999",R$200,R$51,"R$4,250"
388,1,155,3,3,2,2,acept,furnished,"R$2,300","R$12,000",R$700,R$153,"R$15,150"
389,1,118,3,2,4,1,acept,not furnished,R$850,"R$2,250",R$334,R$29,"R$3,463"
390,0,235,4,4,3,13,acept,not furnished,"R$3,450","R$5,500",R$541,R$70,"R$9,561"
391,1,400,4,4,4,9,acept,not furnished,"R$4,700","R$9,000","R$1,125",R$115,"R$14,940"
392,1,80,2,2,1,6,not acept,not furnished,"R$1,015","R$3,500",R$117,R$45,"R$4,677"
393,1,50,1,1,0,2,not acept,furnished,R$710,"R$3,100",R$85,R$12,"R$3,907"
394,0,55,2,2,1,9,acept,not furnished,R$337,"R$2,500",R$86,R$32,"R$2,955"
395,1,400,4,4,4,-,acept,not furnished,R$0,"R$8,500","R$1,250",R$128,"R$9,878"
396,1,63,3,2,0,18,acept,not furnished,R$550,"R$1,800",R$0,R$23,"R$2,373"
397,1,325,4,3,2,3,acept,not furnished,"R$4,500","R$8,500","R$1,111",R$108,"R$14,220"
398,1,200,3,3,2,7,not acept,furnished,"R$2,500","R$6,000",R$125,R$77,"R$8,702"
399,1,58,2,2,1,5,acept,furnished,R$790,"R$5,000",R$192,R$64,"R$6,046"
400,1,180,3,2,3,-,acept,not furnished,R$0,"R$4,600","R$3,600",R$70,"R$8,270"
401,1,159,3,2,0,5,acept,not furnished,"R$1,774","R$4,507",R$444,R$19,"R$6,744"
402,1,420,4,3,4,-,acept,not furnished,R$0,"R$15,000","R$1,250",R$226,"R$16,480"
403,1,88,3,1,2,5,acept,not furnished,R$685,"R$1,500",R$35,R$20,"R$2,240"
404,0,70,3,1,1,6,acept,not furnished,R$549,"R$1,135",R$0,R$5,"R$1,689"
405,1,246,4,5,4,12,not acept,not furnished,"R$2,200","R$10,000",R$750,R$127,"R$13,080"
406,1,53,2,1,1,1,acept,not furnished,R$550,"R$1,250",R$0,R$16,"R$1,816"
407,1,22,1,1,1,19,not acept,not furnished,R$500,"R$2,200",R$0,R$28,"R$2,728"
408,1,80,1,1,0,-,acept,not furnished,R$0,"R$1,700",R$60,R$26,"R$1,786"
409,1,30,1,1,1,11,acept,furnished,R$500,"R$2,570",Incluso,R$8,"R$3,078"
410,0,157,3,5,3,1,acept,not furnished,"R$2,300","R$7,000",R$442,R$89,"R$9,831"
411,1,450,3,3,8,-,acept,furnished,R$0,"R$5,015",R$400,R$76,"R$5,491"
412,1,90,3,2,0,-,acept,not furnished,R$295,"R$2,572",R$53,R$8,"R$2,928"
413,1,88,2,1,0,7,not acept,not furnished,R$800,"R$1,800",R$0,R$23,"R$2,623"
414,0,46,1,1,0,5,acept,furnished,"R$1,300","R$1,950",R$0,R$25,"R$3,275"
415,1,189,4,2,2,4,acept,not furnished,"R$1,970","R$8,000",R$559,R$102,"R$10,630"
416,1,49,2,1,1,10,not acept,not furnished,R$395,"R$1,250",R$0,R$16,"R$1,661"
417,1,180,3,2,2,2,acept,not furnished,"R$2,500","R$7,000","R$1,200",R$89,"R$10,790"
418,1,128,3,3,2,1,acept,not furnished,"R$1,090","R$7,000",R$500,R$89,"R$8,679"
419,1,60,2,2,0,-,acept,not furnished,R$518,"R$1,300",R$170,R$10,"R$1,998"
420,1,74,3,2,1,7,acept,not furnished,R$982,"R$1,710",R$48,R$22,"R$2,762"
421,1,80,1,1,1,10,acept,not furnished,"R$1,800","R$2,500",R$180,R$32,"R$4,512"
422,1,150,3,2,1,-,acept,not furnished,R$0,"R$2,500",R$0,R$38,"R$2,538"
423,1,70,3,2,1,3,acept,not furnished,R$799,"R$1,900",R$182,R$25,"R$2,906"
424,1,113,3,2,2,2,acept,not furnished,"R$1,300","R$4,800",R$250,R$61,"R$6,411"
425,0,50,1,1,0,-,acept,not furnished,R$0,R$880,R$0,R$14,R$894
426,1,300,4,2,2,1,acept,furnished,"R$3,000","R$6,500","R$1,091",R$83,"R$10,670"
427,1,140,2,3,1,3,acept,furnished,"R$1,306","R$5,000",R$250,R$64,"R$6,620"
428,1,300,4,5,1,8,acept,furnished,"R$3,700","R$8,550",R$400,R$109,"R$12,760"
